Cycle Time,Latitude,Longitude,AltAGL,Pitch,Roll,GndSpd
1.000001,39.892387,-104.696892,740.751155,23.083155,3.352586,97.682298
1.000001,39.892017,-104.696899,814.464926,22.275486,-1.331898,84.221274
1.002929,39.891685,-104.696915,872.774327,10.01562,-3.622683,74.195205
1.000001,39.891361,-104.696915,898.0082,1.774708,0.099404,69.108709
1.000001,39.891045,-104.696922,898.775645,-2.677732,2.462125,67.675551
1.000001,39.890736,-104.69693,892.148084,1.634684,-2.252371,66.518259
1.000039,39.890423,-104.69693,889.139479,0.278017,-2.042545,65.117283
1.000001,39.890121,-104.69693,884.256967,-0.247792,-1.636262,64.119091
1.000001,39.889824,-104.696922,877.966921,-0.361448,-1.415032,63.31964
1.000001,39.889534,-104.696907,870.924149,-0.535079,-0.720856,62.622541
1.000001,39.889244,-104.696899,863.158186,-0.618037,-0.089764,61.969254
1.000001,39.888958,-104.696884,854.830031,-0.641055,0.159712,61.358668
1.000001,39.888676,-104.696869,846.330965,-0.635778,0.329278,60.806212
1.000001,39.888397,-104.696854,837.567724,-0.612744,0.538787,60.274363
1.000001,39.888119,-104.696838,828.653497,-0.580781,0.636933,59.76053
1.000001,39.887844,-104.696823,819.563404,-0.547777,0.625563,59.27038
1.000001,39.887573,-104.696808,811.076503,0.763872,0.599588,58.294467
1.000001,39.887306,-104.6968,807.395671,4.769469,0.575061,55.807533
1.000001,39.887058,-104.696785,808.976367,4.809078,0.505845,52.745254
1.000001,39.886818,-104.69677,809.632825,2.084483,0.404445,50.387744
1.000001,39.886581,-104.696754,805.312455,0.290762,0.312482,48.994635
1.000001,39.886356,-104.696739,797.342842,-0.188021,0.245301,48.2167
1.000001,39.886135,-104.696724,787.447957,-0.437522,0.185497,47.667392
1.000001,39.885918,-104.696709,776.398351,-0.712208,0.134235,47.286694
1.000001,39.8857,-104.696693,764.631862,-0.823966,0.097474,47.033051
1.000001,39.885487,-104.696678,752.396495,-0.776175,0.078107,46.830958
1.000001,39.885273,-104.696663,739.982859,-0.682829,0.073255,46.638357
1.000001,39.885059,-104.696648,727.569273,-0.596905,0.078968,46.446523
1.000001,39.88485,-104.696632,715.150831,-0.522554,0.093212,46.256005
1.000001,39.884636,-104.696617,702.705906,-0.462289,0.113946,46.069147
1.000001,39.884426,-104.696602,690.184087,-0.417725,0.137005,45.889355
1.000001,39.884216,-104.696587,677.662969,-0.386036,0.15978,45.721116
1.000001,39.88401,-104.696571,665.10886,-0.361136,0.180599,45.56595
1.000001,39.883801,-104.696556,652.492574,-0.339682,0.197606,45.423268
1.000001,39.883595,-104.696541,639.775064,-0.320223,0.211078,45.292242
1.000001,39.883389,-104.696526,627.002135,-0.301938,0.220331,45.171816
1.000001,39.883183,-104.69651,614.169033,-0.283008,0.226192,45.060811
1.000001,39.882977,-104.696503,601.305543,-0.26254,0.23004,44.957421
1.000001,39.882771,-104.696487,588.390589,-0.241563,0.231754,44.860119
1.000001,39.882565,-104.696472,575.459016,-0.221369,0.232781,44.767823
1.000001,39.882362,-104.696457,562.540408,-0.203258,0.2335,44.680424
1.000001,39.882156,-104.696449,549.628408,-0.18756,0.234995,44.59786
1.000001,39.881954,-104.696434,536.624495,-0.172969,0.237172,44.518796
1.000001,39.881752,-104.696426,523.646264,-0.15928,0.240155,44.444103
1.004466,39.881546,-104.696411,510.523555,-0.146654,0.243489,44.372083
1.000001,39.881344,-104.696404,497.468729,-0.135275,0.248081,44.303704
1.000001,39.881142,-104.696388,484.414254,-0.125348,0.253435,44.238095
1.000001,39.880939,-104.696381,471.334598,-0.116253,0.25968,44.175492
1.000001,39.880737,-104.696373,458.31897,-0.107339,0.266604,44.115196
1.000001,39.880535,-104.696365,445.288124,-0.098516,0.274791,44.056231
1.000001,39.880337,-104.696358,432.256878,-0.090262,0.28371,43.999527
1.003606,39.880135,-104.69635,419.047186,-0.082609,0.292869,43.94292
1.000001,39.879932,-104.696342,405.896643,-0.07595,0.302343,43.887391
1.006318,39.87973,-104.696335,392.667978,-0.070035,0.313036,43.832912
1.000001,39.879528,-104.696327,379.533254,-0.064625,0.324434,43.779812
1.000001,39.87933,-104.69632,366.385664,-0.059561,0.336169,43.727498
1.000001,39.879128,-104.696312,353.217749,-0.054816,0.348833,43.675466
1.000001,39.878929,-104.696312,340.117418,-0.050538,0.362365,43.62455
1.000001,39.878727,-104.696304,326.977688,-0.046566,0.374845,43.573678
1.000001,39.878529,-104.696304,314.243507,0.709809,0.391604,43.161936
1.000001,39.878334,-104.696297,303.163914,2.734771,0.528567,42.132475
1.000001,39.878143,-104.696297,293.757631,3.043037,0.604483,40.813032
1.000001,39.877956,-104.696297,284.403512,1.8986,0.546118,39.769118
1.000001,39.877777,-104.696289,273.537457,0.868889,0.190261,39.225494
1.000001,39.877598,-104.696289,260.81499,-0.117529,-0.417153,39.171193
1.000001,39.877419,-104.696281,246.238291,-0.932426,0.543248,39.452461
1.000001,39.877239,-104.696281,230.433429,-1.192413,0.119502,39.891554
1.000001,39.87706,-104.696281,214.127375,-1.113144,0.776547,40.307429
1.000001,39.876877,-104.696281,198.166158,-0.654611,1.568494,40.529721
1.000001,39.876694,-104.696281,182.834691,-0.24365,1.750278,40.523147
1.000001,39.876511,-104.696289,168.261596,0.21617,1.902613,40.336578
1.000001,39.876331,-104.696297,154.37815,0.362085,1.678056,40.035934
1.000001,39.876148,-104.696312,140.726389,0.397032,0.879231,39.764406
1.000001,39.875969,-104.69632,127.328729,0.754741,0.567119,39.481147
1.000001,39.87579,-104.696342,113.849794,0.146097,0.938741,39.273222
1.000001,39.875614,-104.696358,100.05007,0.002651,1.019351,39.185074
1.000001,39.875439,-104.696373,85.864683,-0.118043,1.576241,39.165239
1.000001,39.875259,-104.696396,71.23167,-0.438679,1.889851,39.186235
1.000001,39.875084,-104.696419,56.267619,-0.478464,2.64072,39.227878
1.000001,39.874908,-104.696449,41.311687,-0.142009,5.591134,39.15059
1.000001,39.874733,-104.696495,26.535372,0.842052,11.581792,38.803775
1.000001,39.874565,-104.696548,11.993592,0.892459,10.180896,38.455341
1.000001,39.874405,-104.696625,0.176784,0.227115,-3.243182,31.422783
1.000001,39.874287,-104.696686,0.158274,2.192337,0.754689,24.114881
1.000001,39.874195,-104.696693,0.127614,2.026925,0.349163,15.205492
1.000001,39.874146,-104.696686,0.167932,1.066513,0.015415,5.397392
